"rep","program","us_per_grad","cpu_over_elapsed"
1,"stanli_rw",769.999999999982,0.99350649350652
1,"cmdstan_rw",1069.99999999999,0.995327102803741
1,"stanli_orig",989.999999999896,0.994949494949599
1,"cmdstan_orig_s",1084.99999999992,0.995391705069192
1,"cmdstan_orig",1274.99999999998,0.996078431372565
1,"cmdstan_rw_v",1294.99999999979,1.00000000000016
1,"stanli_orig_s",825.000000000102,0.993939393939269
1,"stanli_sel",764.999999999816,1.00000000000023
1,"stanli_rw_v",919.999999999845,0.989130434782767
2,"cmdstan_rw_v",1300.00000000024,0.996153846153665
2,"cmdstan_orig_s",1084.99999999992,0.9953917050692
2,"stanli_orig_s",825.000000000102,0.999999999999871
2,"stanli_rw_v",914.999999999964,0.994535519125715
2,"cmdstan_rw",1064.99999999983,0.995305164319409
2,"stanli_orig",979.999999999848,0.989795918367496
2,"stanli_rw",769.999999999982,0.993506493506508
2,"cmdstan_orig",1280.00000000014,0.992187499999894
2,"stanli_sel",769.999999999982,0.993506493506508
3,"cmdstan_rw_v",1305.00000000012,0.992337164750868
3,"cmdstan_orig",1275.00000000026,0.999999999999791
3,"cmdstan_orig_s",1084.99999999992,0.9953917050692
3,"stanli_rw",775.000000000148,0.993548387096576
3,"stanli_orig",990.00000000018,0.994949494949322
3,"stanli_rw_v",920.00000000013,0.994565217391157
3,"stanli_orig_s",829.999999999984,0.987951807228943
3,"cmdstan_rw",1075.00000000016,0.990697674418457
3,"stanli_sel",769.999999999982,0.993506493506532
4,"cmdstan_rw",1069.99999999999,0.995327102803749
4,"stanli_rw",769.999999999982,0.993506493506508
4,"cmdstan_orig_s",1084.99999999992,0.995391705069184
4,"stanli_rw_v",914.999999999964,0.994535519125715
4,"stanli_sel",769.999999999982,0.987012987013017
4,"cmdstan_orig",1279.99999999986,0.992187500000114
4,"stanli_orig_s",824.999999999818,0.993939393939601
4,"cmdstan_rw_v",1290.00000000019,0.992248062015353
4,"stanli_orig",980.000000000132,0.994897959183553
5,"stanli_orig",980.000000000132,0.989795918367209
5,"cmdstan_rw",1074.99999999987,0.990697674418708
5,"stanli_rw_v",914.999999999964,0.994535519125734
5,"stanli_sel",765.0000000001,0.993464052287458
5,"cmdstan_rw_v",1305.00000000012,0.992337164750868
5,"cmdstan_orig_s",1069.99999999999,0.995327102803733
5,"stanli_rw",774.999999999864,0.993548387096949
5,"stanli_orig_s",819.999999999936,0.993902439024469
5,"cmdstan_orig",1280.00000000014,0.992187499999889
6,"stanli_rw",769.999999999982,0.993506493506532
6,"cmdstan_rw",1069.99999999999,0.995327102803733
6,"stanli_orig_s",819.999999999936,1.00000000000009
6,"stanli_rw_v",914.999999999964,0.994535519125715
6,"stanli_orig",979.999999999848,0.989795918367496
6,"cmdstan_orig",1274.99999999998,0.996078431372586
6,"cmdstan_orig_s",1100.00000000014,0.995454545454427
6,"stanli_sel",765.0000000001,0.999999999999907
6,"cmdstan_rw_v",1299.99999999995,0.99230769230771
7,"stanli_rw",769.999999999982,0.993506493506508
7,"cmdstan_orig",1274.99999999998,0.996078431372558
7,"stanli_sel",764.999999999816,0.993464052287828
7,"stanli_rw_v",909.999999999798,1.00000000000023
7,"cmdstan_orig_s",1069.99999999999,1
7,"cmdstan_rw_v",1294.99999999979,1.00000000000017
7,"cmdstan_rw",1064.99999999983,0.995305164319392
7,"stanli_orig",974.999999999966,1.00000000000004
7,"stanli_orig_s",819.999999999936,0.993902439024491
8,"stanli_orig_s",825.000000000102,0.987878787878645
8,"stanli_rw",769.999999999982,0.993506493506555
8,"cmdstan_orig_s",1069.99999999999,0.990654205607465
8,"cmdstan_rw_v",1300.00000000024,0.996153846153665
8,"stanli_orig",979.999999999848,0.99489795918383
8,"stanli_sel",769.999999999982,0.987012987013017
8,"stanli_rw_v",915.000000000248,0.994535519125387
8,"cmdstan_orig",1285.00000000003,0.996108949416324
8,"cmdstan_rw",1069.99999999999,0.990654205607465
9,"cmdstan_rw",1069.99999999999,0.995327102803749
9,"stanli_orig_s",820.000000000221,0.99999999999974
9,"cmdstan_orig_s",1084.99999999992,0.9953917050692
9,"cmdstan_orig",1279.99999999986,0.992187500000101
9,"stanli_orig",979.999999999848,0.99489795918383
9,"stanli_rw",775.000000000148,0.987096774193352
9,"cmdstan_rw_v",1310,0.992366412213731
9,"stanli_rw_v",914.999999999964,0.994535519125734
9,"stanli_sel",769.999999999982,0.987012987013017
10,"cmdstan_orig",1280.00000000014,0.996093749999871
10,"stanli_sel",765.0000000001,0.993464052287412
10,"cmdstan_orig_s",1085.00000000021,0.99539170506894
10,"cmdstan_rw_v",1299.99999999995,0.996153846153855
10,"stanli_rw",769.999999999982,0.993506493506555
10,"stanli_rw_v",910.000000000082,0.999999999999922
10,"cmdstan_rw",1065.00000000011,0.99530516431916
10,"stanli_orig_s",825.000000000102,0.99393939393928
10,"stanli_orig",979.999999999848,0.99489795918383
11,"cmdstan_orig",1274.99999999998,0.996078431372558
11,"cmdstan_orig_s",1080.00000000004,0.995370370370316
11,"stanli_orig_s",825.000000000102,0.987878787878645
11,"stanli_sel",769.999999999982,0.993506493506508
11,"stanli_rw_v",914.999999999964,0.98907103825143
11,"stanli_rw",769.999999999982,0.993506493506508
11,"cmdstan_rw",1069.99999999999,0.990654205607498
11,"stanli_orig",980.000000000132,0.994897959183541
11,"cmdstan_rw_v",1320.00000000005,0.992424242424207
12,"stanli_orig",980.000000000132,0.994897959183541
12,"stanli_rw",769.999999999982,1
12,"stanli_rw_v",909.999999999798,1.00000000000023
12,"cmdstan_rw_v",1314.99999999988,0.996197718631268
12,"stanli_orig_s",820.000000000221,0.993902439024103
12,"cmdstan_rw",1064.99999999983,0.995305164319392
12,"cmdstan_orig_s",1080.00000000004,0.995370370370348
12,"stanli_sel",764.999999999816,1.00000000000023
12,"cmdstan_orig",1274.99999999998,0.996078431372586
13,"cmdstan_rw_v",1295.00000000007,0.996138996138951
13,"stanli_orig",975.00000000025,0.999999999999745
13,"stanli_sel",765.0000000001,0.993464052287458
13,"stanli_rw_v",910.000000000082,0.999999999999922
13,"stanli_rw",769.999999999982,0.993506493506508
13,"cmdstan_rw",1064.99999999983,0.995305164319426
13,"cmdstan_orig",1274.99999999998,0.996078431372558
13,"stanli_orig_s",820.000000000221,0.993902439024103
13,"cmdstan_orig_s",1080.00000000004,0.999999999999967
14,"cmdstan_orig_s",1080.00000000004,0.995370370370316
14,"stanli_rw",774.999999999864,0.993548387096926
14,"stanli_sel",774.999999999864,0.993548387096971
14,"stanli_rw_v",925.000000000011,0.994594594594607
14,"cmdstan_rw_v",1304.99999999984,0.996168582375596
14,"cmdstan_rw",1069.99999999999,0.995327102803749
14,"stanli_orig",984.999999999729,0.994923857868283
14,"stanli_orig_s",825.000000000102,0.993939393939237
14,"cmdstan_orig",1274.99999999998,0.996078431372558
15,"stanli_rw_v",920.00000000013,0.994565217391163
15,"cmdstan_rw",1069.99999999999,0.990654205607498
15,"cmdstan_orig_s",1085.00000000021,0.99539170506894
15,"stanli_sel",769.999999999982,1
15,"stanli_orig_s",819.999999999936,1.00000000000004
15,"stanli_orig",985.000000000014,0.989847715736028
15,"cmdstan_rw_v",1300.00000000024,0.99615384615361
15,"cmdstan_orig",1310,0.996183206106906
15,"stanli_rw",769.999999999982,0.993506493506555
16,"cmdstan_rw",1069.99999999999,0.990654205607498
16,"stanli_orig_s",820.000000000221,0.99999999999974
16,"stanli_sel",765.0000000001,0.993464052287458
16,"stanli_rw_v",914.999999999964,0.994535519125734
16,"stanli_orig",979.999999999848,0.994897959183793
16,"cmdstan_orig_s",1084.99999999992,0.995391705069168
16,"cmdstan_orig",1274.99999999998,0.99607843137253
16,"stanli_rw",769.999999999982,1
16,"cmdstan_rw_v",1305.00000000012,0.996168582375407
17,"stanli_rw_v",914.999999999964,0.994535519125734
17,"cmdstan_orig_s",1069.99999999999,0.990654205607498
17,"cmdstan_rw",1065.00000000011,0.995305164319093
17,"cmdstan_rw_v",1325.00000000022,0.996226415094215
17,"stanli_orig",974.999999999966,0.994871794871843
17,"stanli_orig_s",820.000000000221,0.993902439024103
17,"stanli_rw",769.999999999982,0.993506493506462
17,"stanli_sel",764.999999999816,0.993464052287828
17,"cmdstan_orig",1274.99999999998,0.99607843137253
18,"stanli_orig",980.000000000132,0.994897959183505
18,"stanli_rw",769.999999999982,1
18,"cmdstan_rw_v",1299.99999999995,0.99230769230771
18,"cmdstan_orig_s",1079.99999999976,0.99537037037061
18,"stanli_orig_s",820.000000000221,0.99390243902419
18,"stanli_rw_v",909.999999999798,0.994505494505701
18,"stanli_sel",764.999999999816,1.00000000000028
18,"cmdstan_orig",1274.99999999998,0.996078431372586
18,"cmdstan_rw",1069.99999999999,0.990654205607498
19,"cmdstan_orig",1274.99999999998,0.996078431372586
19,"cmdstan_orig_s",1084.99999999992,0.995391705069168
19,"stanli_orig_s",819.999999999936,0.993902439024447
19,"stanli_rw_v",910.000000000082,0.999999999999922
19,"stanli_sel",770.000000000266,0.987012987012653
19,"stanli_orig",979.999999999848,0.994897959183866
19,"cmdstan_rw",1074.99999999987,0.990697674418757
19,"cmdstan_rw_v",1330.0000000001,0.992481203007483
19,"stanli_rw",774.999999999864,0.98709677419376
20,"stanli_sel",765.0000000001,0.999999999999814
20,"cmdstan_orig_s",1084.99999999992,1.00000000000007
20,"stanli_orig_s",820.000000000221,0.993902439024103
20,"cmdstan_orig",1285.00000000003,0.996108949416324
20,"cmdstan_rw",1069.99999999999,0.995327102803782
20,"cmdstan_rw_v",1320.00000000005,0.992424242424207
20,"stanli_rw",769.999999999982,0.993506493506555
20,"stanli_rw_v",914.999999999964,0.994535519125734
20,"stanli_orig",980.000000000132,0.994897959183577
21,"stanli_orig",979.999999999848,0.994897959183793
21,"stanli_rw",769.999999999982,0.993506493506462
21,"cmdstan_rw",1069.99999999999,0.990654205607498
21,"cmdstan_rw_v",1299.99999999995,0.996153846153882
21,"stanli_sel",769.999999999982,0.993506493506555
21,"stanli_orig_s",825.000000000102,0.99393939393928
21,"stanli_rw_v",914.999999999964,0.994535519125657
21,"cmdstan_orig_s",1085.00000000021,0.995391705068907
21,"cmdstan_orig",1280.00000000014,0.996093749999926
