"setting","model","dataset","divergent","max_treedepth_hits","stepsize","leapfrog_per_iter","leapfrog_warmup","min_ess_bulk","min_ess_tail","median_ess_bulk","min_ess_bulk_choice","min_ess_bulk_rt","worst_var","max_rhat","sampling_s","warmup_s","rho_z","leapfrog_per_ess","ess_per_s"
"fixed","gp_rho",1,0,0,0.57337916,6.3525,43837,4506.15015813408,2476.66841055319,5020.12701872638,4506.15015813408,4728.46176907938,"b_mudec_Intercept",1.00295015664849,42.499,67.073,0.3134974947025,5.63895988999218,106.029557357446
"fixed","gl_rho",1,0,0,0.5421892525,6.4795,46894,4223.91300907817,2621.79618133187,5399.85225176939,4223.91300907817,5666.648738888,"b_mudec_Intercept",1.00358445184003,114.667,201.776,0.31326277175,6.13601651934975,36.8363435781714
"fixed","gp_0",1,0,0,0.6109305575,5.884,37178,3755.75917726155,2811.13662707954,4331.44730432469,3755.75917726155,4331.44730432469,"b_mudec_Intercept",1.0017400963888,32.111,53.602,NA,6.26664247870143,116.961763173416
"fixed","mv_probit",1,0,0,0.635954485,5.7135,37513,3398.75333643805,2585.20381550128,4484.88184898181,3398.75333643805,4484.88184898181,"b_Error_Intercept",1.00214062664782,17.727,30.031,NA,6.72423025083409,191.727496837482
"fixed","mv_logit",1,0,0,0.5964940775,5.9135,41435,3281.68061203708,2341.87116061957,4159.81312023165,3281.68061203708,4159.81312023165,"b_Error_Intercept",1.00097250042171,10.491,17.751,NA,7.20789217367406,312.809132784013
"fixed","gp_rho",2,0,0,0.587240955,6.29,46237,5026.55299839103,2588.6323447754,5368.12656575493,5026.55299839103,5263.64800127701,"b_rho_Intercept",1.00257745274962,42.182,73.945,0.34223154553,5.00541822757138,119.163458309019
"fixed","gl_rho",2,0,0,0.5679267875,6.4115,50983,4268.86877482375,2793.21086605075,4985.82954431761,4268.86877482375,4887.32374732836,"b_mudec_Intercept",1.00435420993185,118.458,228.393,0.34191098722,6.00768057131456,36.0369816713413
"fixed","gp_0",2,0,0,0.585918905,6.029,38859,3653.34550577926,2618.51417736698,4165.27035703634,3653.34550577926,4165.27035703634,"b_mudec_Intercept",1.00224575762456,33.937,55.095,NA,6.60107289656855,107.65080902199
"fixed","mv_probit",2,0,0,0.59920237,6.0095,38375,3851.06620537147,2529.56942131031,4351.79849488275,3851.06620537147,4255.30499813117,"b_Error_Intercept",1.00167108814471,18.683,29.588,NA,6.24190775179918,206.126757232322
"fixed","mv_logit",2,0,0,0.5838859925,5.954,41353,3467.20191161779,2215.75588817122,4290.88354211587,3467.20191161779,4290.88354211587,"b_Error_Intercept",1.00356052522803,13.035,20.137,NA,6.86893945235727,265.991707834123
"fixed","gp_rho",3,0,0,0.5597967225,6.434,45271,4317.09591670323,2836.37425427874,4826.83117446716,4317.09591670323,4811.71226625552,"b_mudec[1]",1.00178611621424,39.499,69.388,0.2800779417925,5.96141491793711,109.296334507284
"fixed","gl_rho",3,0,0,0.59185281,6.317,51265,4549.96486873271,2721.40479105761,4824.46641069603,4549.96486873271,4786.47677904424,"b_mudec_Intercept",1.00395564292149,133.786,240.044,0.280056408625,5.55344947246545,34.0092750267794
"fixed","gp_0",3,0,0,0.5628773225,6.2285,40373,4186.94868257378,2523.8635488328,4562.17768588568,4186.94868257378,4394.22973030742,"b_mudec_Intercept",1.00256509786765,40.697,61.488,NA,5.95039535681268,102.881015371496
"fixed","mv_probit",3,0,0,0.5613946375,6.199,38650,3940.55450778928,2386.37297890363,4399.84910441412,3940.55450778928,4399.84910441412,"b_Error_Intercept",1.00298053073257,21.947,31.039,NA,6.29251541908273,179.548663042297
"fixed","mv_logit",3,0,0,0.5547560025,6.269,43312,4136.59440169533,2979.95556072887,4637.75838122541,4136.59440169533,4637.75838122541,"b_Error_Intercept",1.00233659105317,14.268,21.268,NA,6.06199147533608,289.921110295439
"mixed","gp_rho",1,0,0,0.1300489275,31.904,445271,421.529079633086,412.824458364133,1555.40403636099,594.620001897612,421.529079633086,"b_Intercept",1.00643874454758,262.493,1005.451,0.337047269955,302.745424137954,1.60586788841259
"mixed","gl_rho",1,0,0,0.129761915,31.836,400594,364.459425682078,549.337244309797,1627.42479352869,740.018579741129,364.459425682078,"b_Intercept",1.01165191368391,590.414,1909.265,0.3367619504825,349.405149178619,0.617294687595615
"mixed","gp_0",1,0,0,0.12465405525,34.072,402782,365.740704862921,534.17306344273,1354.85614729446,455.583270494638,365.740704862921,"b_Intercept",1.0169419557609,257.071,877.517,NA,372.635580857976,1.42272253526427
"mixed","mv_probit",1,0,0,0.1382565675,31.444,396146,552.155523301926,461.52854807971,1466.35964084574,552.155523301926,574.446782026673,"sd_3[2]",1.012145143811,162.829,475.355,NA,227.790893492926,3.39101464298083
"mixed","mv_logit",1,0,0,0.1367350825,31.404,408309,413.316568061273,649.808897072456,1344.84885582359,909.365598270384,413.316568061273,"b_RT_Intercept",1.01006385204859,131.21,424.346,NA,303.922004842975,3.15003862557178
"mixed","gp_rho",2,0,0,0.1016851315,44.192,442222,364.544039484477,768.576770196086,1296.88433948714,738.337377489339,364.544039484477,"b_Intercept",1.00619081338213,337.726,977.674,0.325944695925,484.901632872609,1.07940768399376
"mixed","gl_rho",2,0,0,0.112124424,36.664,432720,307.099888732967,576.652136715357,1321.14884130439,630.217349663413,307.099888732967,"b_Intercept",1.02187597892975,752.742,1901.211,0.326227840005,477.551459250193,0.407974961850098
"mixed","gp_0",2,0,0,0.1112868275,34.928,408444,310.857808301058,569.699702255305,1005.75948598066,523.857314155233,310.857808301058,"b_Intercept",1.01148685351874,305.887,867.437,NA,449.440214365446,1.01625047256359
"mixed","mv_probit",2,0,0,0.1158744745,35.792,439365,181.407161645293,724.388709789761,1174.47257739801,493.532957835897,181.407161645293,"b_RT_Intercept",1.02923224033831,195.371,588.495,NA,789.208092456335,0.928526555350044
"mixed","mv_logit",2,0,0,0.110489854,37.48,425756,319.651550274354,578.804790954041,1133.84410033553,566.880151438345,319.651550274354,"b_RT_Intercept",1.02142058154194,157.627,445.386,NA,469.010708289463,2.02789845822324
"mixed","gp_rho",3,0,0,0.13021361,31.956,416464,421.736251325087,915.53611085287,1167.47928331665,868.666652146993,421.736251325087,"b_Intercept",1.01390414274286,365.79,1109.151,0.26368649811,303.08990417205,1.15294636628964
"mixed","gl_rho",3,0,0,0.128959735,31.252,408492,452.273858726306,954.480277326773,1247.23392712696,684.194937858696,452.273858726306,"b_Intercept",1.00445021538531,656.685,2114.257,0.264266760015,276.398906521035,0.688722688543679
"mixed","gp_0",3,0,0,0.1330955775,32.08,376946,431.390482122261,736.354317609964,1123.59071467864,897.099567274122,431.390482122261,"b_Intercept",1.00962421106638,240.141,688.181,NA,297.456724980855,1.79640495426546
"mixed","mv_probit",3,0,0,0.1389224725,31.696,367831,516.941563305058,1040.46500435097,1214.47756134412,942.219390246836,516.941563305058,"b_RT_Intercept",1.0062494242938,168.554,483.016,NA,245.25789566892,3.06691958247836
"mixed","mv_logit",3,0,0,0.14139243,31.344,388071,580.518955723873,923.945409232388,1127.33500804901,945.260369989278,580.518955723873,"b_RT_Intercept",1.00752302611825,132.66,409.029,NA,215.972275778081,4.37599092208558
