"family","structure","optim","metric","seed","n_obs","n_participants","chains","iter","warmup","compile_s","wall_s","ess_bulk_min","ess_tail_min","ess_per_s","ess_per_grad","grad_per_s","leapfrog_mean","treedepth_mean","stepsize_mean","divergent","rhat_max","n_pars","max_abs_cor"
"ddm","fixed","default","diag_e",1,900,6,4,1000,500,29.25,46.119,1239.47676384963,958.971005508458,26.8756209772464,0.0629687443532629,342.431675451873,9.842,3.1045,0.4080237425,0,1.00459638740433,10,0.673823186855245
"ddm","fixed","default","dense_e",1,900,6,4,1000,500,29.25,39.089,2682.78007548041,1259.40569386881,68.6326095699663,0.205797796523505,349.09753093032,6.518,2.7855,0.608145295,0,1.00356212200742,10,0.69478952342362
"ddm","fixed","all","diag_e",1,900,6,4,1000,500,35.66,58.737,1123.61705002105,1139.27081498576,19.1296295354045,0.051008582259899,292.956697521013,11.014,3.2325,0.3894334775,0,1.006159738781,10,0.672892734799461
"ddm","fixed","all","dense_e",1,900,6,4,1000,500,35.66,42.446,2494.11573910193,1365.5409239965,58.75973564298,0.192091477133544,321.79236164465,6.492,2.765,0.624623875,0,1.00485243790639,10,0.668403082958714
"ddm","mixed","default","diag_e",1,900,6,4,1000,500,33.2,287.018,259.663183317278,280.225107529278,0.904693027326782,0.00314027650103133,338.470480845194,41.344,5.0775,0.1169845025,0,1.01660432059735,31,0.503726876190491
"ddm","mixed","default","dense_e",1,900,6,4,1000,500,33.2,372.28,126.253023793452,32.7737161441481,0.339134586315278,0.00182975396802104,379.602682525623,34.5,4.8905,0.145414195,15,1.03280244600565,31,0.474263921483148
"ddm","mixed","all","diag_e",1,900,6,4,1000,500,47.1700000000001,332.451,362.316650489291,377.327328251736,1.08983474403533,0.00358062863668904,311.600808040993,50.594,5.314,0.09747584575,2,1.01024224567211,31,0.457592635078981
"ddm","mixed","all","dense_e",1,900,6,4,1000,500,47.1700000000001,406.247,143.652285909956,107.12379503115,0.353608238116111,0.0016425100436771,332.701854493581,43.7295,5.1895,0.11620357,2,1.02133027166823,31,0.447444003893696
"lba2","fixed","default","diag_e",1,900,6,4,1000,500,21.1700000000001,156.426,689.774096850039,854.120335277099,4.40958726074974,0.00587201703314979,484.360181756707,58.734,5.512,0.0726568405,0,1.00342018905785,11,0.914696977104544
"lba2","fixed","default","dense_e",1,900,6,4,1000,500,21.1700000000001,57.158,689.169164941454,381.283096285388,12.0572652111945,0.0253706804940897,445.530588814171,13.582,3.667,0.30383803,0,1.00504999942047,11,0.914299931443869
"lba2","fixed","all","diag_e",1,900,6,4,1000,500,27.3500000000001,148.661,954.636545919399,738.33790675311,6.42156682599605,0.00841297012407818,486.574101867019,56.736,5.4445,0.0779973185,0,1.00651846783112,11,0.91095331792815
"lba2","fixed","all","dense_e",1,900,6,4,1000,500,27.3500000000001,57.337,611.13709260735,470.933709069032,10.6586862341481,0.023534238008601,450.465765781394,12.984,3.607,0.323613145,0,1.00461701710494,11,0.92009411416476
"lba2","mixed","default","diag_e",1,900,6,4,1000,500,29.8299999999999,372.447,237.593153567259,389.728195888571,0.637924734438078,0.000825632720347981,484.795954123371,143.8855,6.95,0.03194571375,16,1.01078412069169,32,0.915519200607858
"lba2","mixed","default","dense_e",1,900,6,4,1000,500,29.8299999999999,446.822,34.2449859031751,16.7177838636763,0.0766412260434246,0.000198367563186713,431.589315893159,86.317,6.061,0.060030063,33,1.0976284557873,32,0.905658569841096
"lba2","mixed","all","diag_e",1,900,6,4,1000,500,46.8800000000001,413.623,245.042583501176,328.953399362687,0.592429781470507,0.000974425123476684,452.132795152779,125.737,6.6765,0.038231978,41,1.01224333452986,32,0.903211392400923
"lba2","mixed","all","dense_e",1,900,6,4,1000,500,46.8800000000001,478.1,172.909525699568,257.696034362362,0.361659748378097,0.000919447860232313,448.916844705967,94.029,6.2295,0.05522727625,13,1.01889841788362,32,0.913110179157223
"lnr","fixed","default","diag_e",1,900,6,4,1000,500,23.6199999999999,17.116,765.270845652443,491.810431054708,44.7108463222974,0.0237278570523516,1215.72618643748,16.126,3.7385,0.2585691425,0,1.00700300603366,8,0.789664589233606
"lnr","fixed","default","dense_e",1,900,6,4,1000,500,23.6199999999999,12.091,1768.31480038602,1031.6262971788,146.250500404104,0.130831222283665,1000.96274901874,6.758,2.8195,0.60941243,0,1.0050876352224,8,0.793066115739047
"lnr","fixed","all","diag_e",1,900,6,4,1000,500,23.3199999999997,16.83,1025.2260190373,858.760206442817,60.9165786712597,0.0344729663428817,1323.07144763769,14.87,3.6685,0.2766007175,0,1.00406965779677,8,0.770060903854897
"lnr","fixed","all","dense_e",1,900,6,4,1000,500,23.3199999999997,10.678,1897.1316337883,869.39286314033,177.667319141066,0.14307176725402,1252.12464589235,6.63,2.837,0.6074031075,0,1.0069738534651,8,0.806800309591227
"lnr","mixed","default","diag_e",1,900,6,4,1000,500,23.9399999999996,64.192,651.427879105851,648.215443654824,10.1481162622422,0.00677328937682843,1218.29674575326,48.088,5.2645,0.10811939775,0,1.00830878669503,22,0.734543509151715
"lnr","mixed","default","dense_e",1,900,6,4,1000,500,23.9399999999996,64.206,399.346579842249,368.963237706651,6.21977042398294,0.00751202159181071,1252.82209601018,26.5805,4.4895,0.18648794,6,1.01175399214018,22,0.73913182048021
"lnr","mixed","all","diag_e",1,900,6,4,1000,500,27.3000000000002,70.316,514.427912452281,746.61704541485,7.31594391677969,0.00465832288152239,1247.74871476188,55.216,5.4325,0.09653386075,0,1.00747066154475,22,0.755275826011886
"lnr","mixed","all","dense_e",1,900,6,4,1000,500,27.3000000000002,54.5,431.999271072917,454.82032081584,7.92659212977829,0.00827775103611782,1234.25490149706,26.094,4.507,0.188256395,6,1.00757730744569,22,0.771324960827669
"rdm","fixed","default","diag_e",1,900,6,4,1000,500,23.59,188.699,822.745773137721,773.207257692594,4.36009609556871,0.0112711076379215,274.939924217885,36.498,4.7685,0.1128692375,0,1.00719294674059,9,0.754060076125317
"rdm","fixed","default","dense_e",1,900,6,4,1000,500,23.59,126.281,392.105888193935,231.533284626803,3.10502679099734,0.0199281301176019,253.795451907078,9.838,3.2235,0.4109680675,0,1.0117154384934,9,0.75858887236795
"rdm","fixed","all","diag_e",1,900,6,4,1000,500,40.55,201.724,700.892078506502,757.451757390896,3.47451011533829,0.00994173161002131,263.963876262721,35.25,4.7325,0.1170248775,0,1.00473611681828,9,0.759631825274206
"rdm","fixed","all","dense_e",1,900,6,4,1000,500,40.55,117.062,568.716234338321,318.201399055033,4.8582480594755,0.0245263168163844,243.119410340019,11.594,3.3505,0.3696191225,0,1.00617029251934,9,0.752576033773784
"rdm","mixed","default","diag_e",1,900,6,4,1000,500,33.83,373.353,528.495344513433,239.566419129724,1.41553796142908,0.00412217135056652,276.324637481249,64.104,5.816,0.0782954505,0,1.01071090493843,30,0.848813811426051
"rdm","mixed","default","dense_e",1,900,6,4,1000,500,33.83,425.945,68.2009021519702,17.1062948628089,0.160116686783435,0.000750689614335232,289.006731221927,45.4255,5.159,0.1223079095,27,1.04279432928914,30,0.857163459330119
"rdm","mixed","all","diag_e",1,900,6,4,1000,500,44.4399999999998,358.108,716.747943556638,730.60336228306,2.00148542773867,0.00573581901053648,283.675707089396,62.48,5.803,0.08008664375,0,1.00754369507647,30,0.846616568038018
"rdm","mixed","all","dense_e",1,900,6,4,1000,500,44.4399999999998,443.83,369.601172009971,449.01607741632,0.83275391931589,0.00420886149302478,280.114323263062,43.9075,5.201,0.1203304105,2,1.02299069612447,30,0.867479349420039
