"seed","round","arm","position","chain","warmup_s","sample_s","leapfrog","divergent","build_s","wall_s"
4,1,"stanli_sel",1,1,14.554933593,10.132719557,11368,0,0.965150117874146,93.3320875167847
4,1,"stanli_sel",1,2,14.37192132,9.372438645,10560,0,0.965150117874146,93.3320875167847
4,1,"stanli_sel",1,3,13.360588396,8.947334674,10080,0,0.965150117874146,93.3320875167847
4,1,"stanli_sel",1,4,13.926717624,7.84862769,8836,0,0.965150117874146,93.3320875167847
4,1,"cmdstanr_orig",2,1,44.779,25.84,9808,0,88.5999135971069,72.0057280063629
4,1,"cmdstanr_orig",2,2,47.158,23.672,9232,0,88.5999135971069,72.0057280063629
4,1,"cmdstanr_orig",2,3,45.454,24.364,9164,0,88.5999135971069,72.0057280063629
4,1,"cmdstanr_orig",2,4,46.299,24.428,9352,0,88.5999135971069,72.0057280063629
4,1,"cmdstanr_sel",3,1,52.206,38.461,10480,0,33.3579654693604,99.7027492523193
4,1,"cmdstanr_sel",3,2,57.23,32.644,8892,0,33.3579654693604,99.7027492523193
4,1,"cmdstanr_sel",3,3,66.714,32.096,10472,0,33.3579654693604,99.7027492523193
4,1,"cmdstanr_sel",3,4,62.709,31.936,9644,0,33.3579654693604,99.7027492523193
4,1,"stanli_orig",4,1,22.705155997,12.001590059,9048,0,1.13377285003662,134.317237615585
4,1,"stanli_orig",4,2,22.552550532,12.508502533,9388,0,1.13377285003662,134.317237615585
4,1,"stanli_orig",4,3,18.599780753,12.923020701,9520,0,1.13377285003662,134.317237615585
4,1,"stanli_orig",4,4,21.189166543,11.720037748,8760,0,1.13377285003662,134.317237615585
