"seed","arm","variable","mean","sd","rhat","ess_bulk","ess_tail"
15,"stanli_orig","b_Intercept",1.16154962667838,0.0246632005121758,1.00409054249898,900.953554966871,1198.12656388351
15,"stanli_orig","b_nuone_Intercept",-1.05410706935073,0.0997426798548262,1.00042904724177,1335.29309713402,1240.12691831353
15,"stanli_orig","b_sigmazero_Intercept",-0.255005962769476,0.0290936662409675,1.00489400495667,978.184237673505,1300.38859677218
15,"stanli_orig","b_sigmaone_Intercept",0.81350197526479,0.0766241994128929,1.00271519342937,1081.30777956042,1094.78074028838
15,"stanli_orig","b_ndt_Intercept",-1.1113102025575,0.0176230817220091,1.00382844394436,910.361834187231,1199.8060764131
15,"stanli_orig","b_ConditionSpeed",0.404769242521915,0.0260510267599491,1.00283210048337,1508.18957487554,1252.76072096318
15,"stanli_orig","b_nuone_ConditionSpeed",0.906703801957147,0.0762283785090011,1.00095588468076,1868.53022306467,1317.10380068531
15,"stanli_orig","b_ndt_ConditionSpeed",-0.0304749714638892,0.0139931625632015,1.00304880523137,1272.00914465101,1307.26139332403
15,"stanli_orig","poutlier",0.00275028301866404,0.000801571869329295,1.00153292427381,1958.07610614209,1517.63324448574
15,"stanli_sel","b_Intercept",1.16108951815825,0.0254844425593375,1.00176329338229,908.511594312906,1207.85445972767
15,"stanli_sel","b_nuone_Intercept",-1.04832937881195,0.106858088687476,1.00515156435985,915.797517881392,834.331629728685
15,"stanli_sel","b_sigmazero_Intercept",-0.25559071676643,0.029631412613849,1.00190383095796,889.974274141512,813.331781561505
15,"stanli_sel","b_sigmaone_Intercept",0.808034549683097,0.0817455520204141,1.00290850647554,767.350568013348,708.449239446562
15,"stanli_sel","b_ndt_Intercept",-1.11180827685849,0.0181944162567215,1.00231527554089,801.989584065114,888.188561618939
15,"stanli_sel","b_ConditionSpeed",0.404996578704181,0.02562892744438,1.00123952972152,1631.58593104868,1440.21272681588
15,"stanli_sel","b_nuone_ConditionSpeed",0.904495102955728,0.07658175767021,1.00163926897496,1783.79079140374,1520.90384725868
15,"stanli_sel","b_ndt_ConditionSpeed",-0.0301038639917251,0.0141696426916728,1.00306051336481,1290.07030901717,1345.73314477685
15,"stanli_sel","poutlier",0.0027599350512638,0.000838059709884904,1.00428627175104,1495.99900928541,1384.48914110002
15,"cmdstanr_orig","b_Intercept",1.16093037875,0.0247017917313521,1.0007773803038,1036.00229921938,1351.07260213946
15,"cmdstanr_orig","b_nuone_Intercept",-1.054507003985,0.104746641972432,1.00364552557741,1019.34740527541,1079.97029706346
15,"cmdstanr_orig","b_sigmazero_Intercept",-0.255530885665,0.027993600933871,1.00140327948584,1046.07003606237,1344.81379931454
15,"cmdstanr_orig","b_sigmaone_Intercept",0.814483692175,0.0788101480030158,1.00084655333563,1030.61149029979,1223.29150093194
15,"cmdstanr_orig","b_ndt_Intercept",-1.11183488835,0.017323485762818,1.00079463991333,951.098037586856,1216.76124074733
15,"cmdstanr_orig","b_ConditionSpeed",0.405652314565,0.0260973160698327,1.0023726579197,1338.62235857608,1323.90488729873
15,"cmdstanr_orig","b_nuone_ConditionSpeed",0.908004762955,0.0776843646147317,1.00444579027058,1483.11602057295,1240.00162433848
15,"cmdstanr_orig","b_ndt_ConditionSpeed",-0.029708184828322,0.0139504205474046,1.00278783567044,1224.85168726796,1368.5819674221
15,"cmdstanr_orig","poutlier",0.00270079007371,0.000824576611996976,1.00156936744307,1861.65562632109,1210.78695756247
15,"cmdstanr_sel","b_Intercept",1.16239162545,0.0242604595275302,1.00128967356066,984.524003817171,1080.9004941216
15,"cmdstanr_sel","b_nuone_Intercept",-1.059920660735,0.102844309918146,1.00320755919107,1089.62528498183,1068.20009956126
15,"cmdstanr_sel","b_sigmazero_Intercept",-0.25439401988,0.0279865407676672,1.00225184966666,958.730997888792,1285.05328530362
15,"cmdstanr_sel","b_sigmaone_Intercept",0.81795828334,0.0807581968614572,1.00265606584759,982.62770063365,1009.5052368285
15,"cmdstanr_sel","b_ndt_Intercept",-1.11091677795,0.0171120120200708,1.00262824556342,857.12763764414,1187.6328474724
15,"cmdstanr_sel","b_ConditionSpeed",0.4051828078,0.0254394842271283,1.0036860021136,1480.43043685694,1456.34666420248
15,"cmdstanr_sel","b_nuone_ConditionSpeed",0.90945126956,0.0744708916068512,1.00178448468588,1430.39843284625,1136.2517374149
15,"cmdstanr_sel","b_ndt_ConditionSpeed",-0.03014599985353,0.0135678987823304,1.00217067301798,1269.68044824346,1350.6799793182
15,"cmdstanr_sel","poutlier",0.00276484026553,0.000830687198136866,1.00208877939417,1918.19806493707,1471.64626798996
