"backend","variable","mean","sd","rhat","ess_bulk","ess_tail"
"cmdstanr","b_Intercept",1.16086411185,0.0249089586928146,1.00292397313038,897.878659525051,1227.21836711824
"cmdstanr","b_nuone_Intercept",-1.056999280135,0.100879746960126,1.00027250955843,982.705875982736,1150.24713251456
"cmdstanr","b_sigmazero_Intercept",-0.25546412193,0.0279352350284152,1.00412252463014,827.527847125336,1007.32714451195
"cmdstanr","b_sigmaone_Intercept",0.81353609092,0.0782133074983098,1.00362326152158,905.632601386851,1146.17564526056
"cmdstanr","b_ndt_Intercept",-1.11151682655,0.0175417959380098,1.00416980644867,812.130965661481,987.969632738732
"cmdstanr","b_ConditionSpeed",0.40572859693,0.0258391902094321,1.00416377284344,1442.92553754238,1319.75540257867
"cmdstanr","b_nuone_ConditionSpeed",0.909531151605,0.073949675481016,1.00216628617961,1527.02488756112,1108.4341177944
"cmdstanr","b_ndt_ConditionSpeed",-0.02990974518769,0.0143514062588202,1.00296451699096,1196.31354756231,1264.67737030385
"cmdstanr","poutlier",0.002744520056135,0.000848892525967915,1.00303721617302,2118.90958711429,1339.40917555396
"stanli","b_Intercept",1.16001692055675,0.0244708304489372,1.00392382520955,968.316848611923,1209.80584639049
"stanli","b_nuone_Intercept",-1.05650551732273,0.100019159185613,1.00102004004574,1158.51237418279,1201.2343523464
"stanli","b_sigmazero_Intercept",-0.256695851363322,0.0272426931304972,1.00210222673265,1087.59994330841,1141.30659607263
"stanli","b_sigmaone_Intercept",0.812966941849925,0.077738509858162,1.00095927793207,1114.1117337298,1085.91576062698
"stanli","b_ndt_Intercept",-1.11235658439397,0.01699014247998,1.00338042763091,970.508384274482,1082.1889602226
"stanli","b_ConditionSpeed",0.406844972061616,0.0261404025322174,1.00351559761852,1188.70112131121,1239.37545533865
"stanli","b_nuone_ConditionSpeed",0.908762943384626,0.0727416455006119,1.00268951584174,1566.90500601861,1303.99416685528
"stanli","b_ndt_ConditionSpeed",-0.0293778760583647,0.0138198535717757,1.00588740442885,1166.09961063368,1399.46810427913
"stanli","poutlier",0.00274289233723586,0.000835884265630019,1.0022231024196,1679.90010079204,1274.09002448018
