"point","engine","lp","lp_ulp","grad_finite","grad_relerr","err"
"tail","cmdstan_orig",-30993.5541845848,0,TRUE,0,""
"tail","cmdstan_orig_s",-30993.5541845848,0,TRUE,9.318498765883e-15,""
"tail","cmdstan_rw",-30993.5541845848,0,TRUE,2.63569130001637e-15,""
"tail","cmdstan_rw_v",-30993.5541845848,0,TRUE,1.05583698919626e-15,""
"tail","stanli_orig",-30993.5541845848,2,TRUE,1.03251987241935e-15,""
"tail","stanli_orig_s",-30993.5541845848,2,TRUE,1.02777559917827e-14,""
"tail","stanli_rw",-30993.5541845848,1,TRUE,3.55245349132641e-15,""
"tail","stanli_rw_v",-30993.5541845848,1,TRUE,2.32284137623177e-15,""
"tail","stanli_sel",-30993.5541845848,9,TRUE,1.41990501590837e-15,""
